Datetime,Water Level (m)
2025-03-08 00:00:00,-0.14992258
2025-03-08 01:00:00,-0.04487932
2025-03-08 02:00:00,-0.020951385
2025-03-08 03:00:00,-0.10408216
2025-03-08 04:00:00,-0.2271285
2025-03-08 05:00:00,-0.36296803
2025-03-08 06:00:00,-0.5063741
2025-03-08 07:00:00,-0.6472064
2025-03-08 08:00:00,-0.7617815
2025-03-08 09:00:00,-0.79174453
2025-03-08 10:00:00,-0.64406365
2025-03-08 11:00:00,-0.43450576
2025-03-08 12:00:00,-0.19175203
2025-03-08 13:00:00,0.044193484
2025-03-08 14:00:00,0.25724295
2025-03-08 15:00:00,0.3726903
2025-03-08 16:00:00,0.35013074
2025-03-08 17:00:00,0.19716483
2025-03-08 18:00:00,0.02147051
2025-03-08 19:00:00,-0.1665478
2025-03-08 20:00:00,-0.35237786
2025-03-08 21:00:00,-0.5243528
2025-03-08 22:00:00,-0.66515183
2025-03-08 23:00:00,-0.7343891
2025-03-09 00:00:00,-0.6329811
2025-03-09 01:00:00,-0.4534306
2025-03-09 02:00:00,-0.26981458
2025-03-09 03:00:00,-0.11367278
2025-03-09 04:00:00,-0.02323162
2025-03-09 05:00:00,-0.053281065
2025-03-09 06:00:00,-0.19243053
2025-03-09 07:00:00,-0.35327062
2025-03-09 08:00:00,-0.51768625
2025-03-09 09:00:00,-0.6715319
2025-03-09 10:00:00,-0.7930745
2025-03-09 11:00:00,-0.8260739
2025-03-09 12:00:00,-0.6644595
2025-03-09 13:00:00,-0.43507773
2025-03-09 14:00:00,-0.16174679
2025-03-09 15:00:00,0.11300667
2025-03-09 16:00:00,0.37168393
2025-03-09 17:00:00,0.48220098
2025-03-09 18:00:00,0.3592162
2025-03-09 19:00:00,0.13371433
2025-03-09 20:00:00,-0.088935
2025-03-09 21:00:00,-0.30980155
2025-03-09 22:00:00,-0.5197335
2025-03-09 23:00:00,-0.7079578
2025-03-10 00:00:00,-0.84318143
2025-03-10 01:00:00,-0.8155683
2025-03-10 02:00:00,-0.60457546
2025-03-10 03:00:00,-0.37091202
2025-03-10 04:00:00,-0.1344512
2025-03-10 05:00:00,0.044239435
2025-03-10 06:00:00,0.11057609
2025-03-10 07:00:00,-0.045695364
2025-03-10 08:00:00,-0.24464989
2025-03-10 09:00:00,-0.44430447
2025-03-10 10:00:00,-0.6328737
2025-03-10 11:00:00,-0.8004048
2025-03-10 12:00:00,-0.9025123
2025-03-10 13:00:00,-0.7805758
2025-03-10 14:00:00,-0.5324643
2025-03-10 15:00:00,-0.22736223
2025-03-10 16:00:00,0.096723326
2025-03-10 17:00:00,0.41310677
2025-03-10 18:00:00,0.56668186
2025-03-10 19:00:00,0.43002114
2025-03-10 20:00:00,0.1782625
2025-03-10 21:00:00,-0.06772587
2025-03-10 22:00:00,-0.30956125
2025-03-10 23:00:00,-0.5407582
2025-03-11 00:00:00,-0.7499474
2025-03-11 01:00:00,-0.9003291
2025-03-11 02:00:00,-0.8309477
2025-03-11 03:00:00,-0.5769389
2025-03-11 04:00:00,-0.28761742
2025-03-11 05:00:00,0.0043463893
2025-03-11 06:00:00,0.24811436
2025-03-11 07:00:00,0.28985572
2025-03-11 08:00:00,0.08494858
2025-03-11 09:00:00,-0.14058149
2025-03-11 10:00:00,-0.3634007
2025-03-11 11:00:00,-0.57768506
2025-03-11 12:00:00,-0.7731073
2025-03-11 13:00:00,-0.8988534
2025-03-11 14:00:00,-0.7536049
2025-03-11 15:00:00,-0.4755502
2025-03-11 16:00:00,-0.13231348
2025-03-11 17:00:00,0.24415562
2025-03-11 18:00:00,0.5613121
2025-03-11 19:00:00,0.66584283
2025-03-11 20:00:00,0.49267304
2025-03-11 21:00:00,0.23096377
2025-03-11 22:00:00,-0.033733312
2025-03-11 23:00:00,-0.2936215
2025-03-12 00:00:00,-0.5417637
2025-03-12 01:00:00,-0.7634896
2025-03-12 02:00:00,-0.9053759
2025-03-12 03:00:00,-0.72606814
2025-03-12 04:00:00,-0.42644224
2025-03-12 05:00:00,-0.072697125
2025-03-12 06:00:00,0.28144133
2025-03-12 07:00:00,0.50308883
2025-03-12 08:00:00,0.4085422
2025-03-12 09:00:00,0.16374198
2025-03-12 10:00:00,-0.083157875
2025-03-12 11:00:00,-0.32574317
2025-03-12 12:00:00,-0.55711937
2025-03-12 13:00:00,-0.76323885
2025-03-12 14:00:00,-0.8614121
2025-03-12 15:00:00,-0.6214039
2025-03-12 16:00:00,-0.29424465
2025-03-12 17:00:00,0.09870255
2025-03-12 18:00:00,0.5265963
2025-03-12 19:00:00,0.80374295
2025-03-12 20:00:00,0.8032957
2025-03-12 21:00:00,0.5268829
2025-03-12 22:00:00,0.24391292
2025-03-12 23:00:00,-0.04037902
2025-03-13 00:00:00,-0.31515574
2025-03-13 01:00:00,-0.57272685
2025-03-13 02:00:00,-0.7857743
2025-03-13 03:00:00,-0.7993722
2025-03-13 04:00:00,-0.49330547
2025-03-13 05:00:00,-0.13797835
2025-03-13 06:00:00,0.26015884
2025-03-13 07:00:00,0.58990777
2025-03-13 08:00:00,0.6739547
2025-03-13 09:00:00,0.45165965
2025-03-13 10:00:00,0.18306214
2025-03-13 11:00:00,-0.082226366
2025-03-13 12:00:00,-0.34176004
2025-03-13 13:00:00,-0.5866834
2025-03-13 14:00:00,-0.7917765
2025-03-13 15:00:00,-0.7882879
2025-03-13 16:00:00,-0.4757777
2025-03-13 17:00:00,-0.09823294
2025-03-13 18:00:00,0.3460138
2025-03-13 19:00:00,0.735613
2025-03-13 20:00:00,0.90657675
2025-03-13 21:00:00,0.6925309
2025-03-13 22:00:00,0.40342534
2025-03-13 23:00:00,0.105099484
2025-03-14 00:00:00,-0.18072046
